_id	num_votes	owner	study_name	study_public	study_question
50a68a51fdc9f05596000002	511037	deepak.jagdish@gmail.com	safer_multicity	yes	safer
50f62c41a84ea7c5fdd2e454	367476	deepak.jagdish@gmail.com	livelier_multicity	yes	livelier
50f62c68a84ea7c5fdd2e456	144068	deepak.jagdish@gmail.com	cleaner_multicity	yes	more boring
50f62cb7a84ea7c5fdd2e458	174784	deepak.jagdish@gmail.com	wealthy_multicity	yes	wealthier
50f62ccfa84ea7c5fdd2e459	149361	deepak.jagdish@gmail.com	depressing_multicity	yes	more depressing
5217c351ad93a7d3e7b07a64	220656	deepak.jagdish@gmail.com	more beautiful	yes	more beautiful
